Date,Open,High,Low,Close,Volume
Mon Jul 06 2015 19:55:00 GMT-0400 (EDT),269.15,269.94,268.9,269.94,21.521991250000017
Mon Jul 06 2015 19:50:00 GMT-0400 (EDT),268.72,269.47,268.68,269.19,12.535312039999978
Mon Jul 06 2015 19:45:00 GMT-0400 (EDT),269.97,270,268.68,268.98,58.778402120000045
Mon Jul 06 2015 19:40:00 GMT-0400 (EDT),269.82,270.43,269.62,269.96,16.35267303999997
Mon Jul 06 2015 19:35:00 GMT-0400 (EDT),270.31,270.31,269.58,269.82,48.57133402999993
Mon Jul 06 2015 19:30:00 GMT-0400 (EDT),270.39,270.91,270,270.59,74.71309316999974
Mon Jul 06 2015 19:25:00 GMT-0400 (EDT),270.61,270.61,270.26,270.41,47.735697999999786
Mon Jul 06 2015 19:20:00 GMT-0400 (EDT),270.5,271.06,270.5,270.57,24.654254030000004
Mon Jul 06 2015 19:15:00 GMT-0400 (EDT),270.54,270.54,270.32,270.49,10.201697999999997
Mon Jul 06 2015 19:10:00 GMT-0400 (EDT),272.13,272.13,270.38,270.54,110.22548566000006
Mon Jul 06 2015 19:05:00 GMT-0400 (EDT),272.71,272.71,272.11,272.14,9.034369999999996
Mon Jul 06 2015 19:00:00 GMT-0400 (EDT),272.46,273,272.46,272.73,19.089700000000004
Mon Jul 06 2015 18:55:00 GMT-0400 (EDT),272.79,272.8,272.07,272.46,20.142100000000006
Mon Jul 06 2015 18:50:00 GMT-0400 (EDT),272.26,273.31,272.21,273.23,27.878599999999988
Mon Jul 06 2015 18:45:00 GMT-0400 (EDT),271.74,273.01,271.74,272.39,24.07899999999999
Mon Jul 06 2015 18:40:00 GMT-0400 (EDT),272,272.43,271.17,271.59,69.9961338800001
Mon Jul 06 2015 18:35:00 GMT-0400 (EDT),273.12,273.14,272,272.41,36.75699145000005
Mon Jul 06 2015 18:30:00 GMT-0400 (EDT),273.68,273.79,273.12,273.12,36.26820624999999
Mon Jul 06 2015 18:25:00 GMT-0400 (EDT),273.42,273.79,272.95,273.59,47.81189799999998
Mon Jul 06 2015 18:20:00 GMT-0400 (EDT),273.05,273.63,272.51,273.42,61.45349999999995
Mon Jul 06 2015 18:15:00 GMT-0400 (EDT),274.89,275.13,273.01,273.01,38.50503814999999
Mon Jul 06 2015 18:10:00 GMT-0400 (EDT),274.79,275.11,274.72,274.91,21.035600000000002
Mon Jul 06 2015 18:05:00 GMT-0400 (EDT),274.73,275.05,274.66,275.05,23.14540000000002
Mon Jul 06 2015 18:00:00 GMT-0400 (EDT),274.77,274.96,274.36,274.36,20.66530707999999
Mon Jul 06 2015 17:55:00 GMT-0400 (EDT),274.88,274.99,274.65,274.93,49.75545423000003
Mon Jul 06 2015 17:50:00 GMT-0400 (EDT),275.28,275.37,274.67,274.99,44.12299999999999
Mon Jul 06 2015 17:45:00 GMT-0400 (EDT),274.93,275.36,274.93,275.36,28.562500000000057
Mon Jul 06 2015 17:40:00 GMT-0400 (EDT),274.93,274.93,274.88,274.88,1
Mon Jul 06 2015 17:35:00 GMT-0400 (EDT),274.94,274.94,274.94,274.94,0.01805
Mon Jul 06 2015 17:25:00 GMT-0400 (EDT),274.94,274.94,274.94,274.94,0.01819
Mon Jul 06 2015 17:20:00 GMT-0400 (EDT),274.93,274.94,274.93,274.93,0.05
Mon Jul 06 2015 17:15:00 GMT-0400 (EDT),274.86,274.86,274.86,274.86,0.025
Mon Jul 06 2015 17:10:00 GMT-0400 (EDT),274.26,274.93,274.25,274.93,7.197599999999998
Mon Jul 06 2015 17:05:00 GMT-0400 (EDT),274.09,274.66,273.59,274.59,103.03060000000008
Mon Jul 06 2015 17:00:00 GMT-0400 (EDT),274.27,274.43,273.75,273.75,39.48270000000006
Mon Jul 06 2015 16:55:00 GMT-0400 (EDT),274.82,274.83,274.24,274.35,27.922800000000006
Mon Jul 06 2015 16:50:00 GMT-0400 (EDT),274.79,274.99,274.63,274.82,10.710871999999998
Mon Jul 06 2015 16:45:00 GMT-0400 (EDT),274.15,274.84,273.63,274.84,54.93739999999998
Mon Jul 06 2015 16:40:00 GMT-0400 (EDT),273.67,274.35,273.67,274.19,14.855799999999995
Mon Jul 06 2015 16:35:00 GMT-0400 (EDT),273.03,273.66,272.75,273.66,59.005559149999925
Mon Jul 06 2015 16:30:00 GMT-0400 (EDT),272.93,273.42,272.78,273.01,15.181295999999993
Mon Jul 06 2015 16:25:00 GMT-0400 (EDT),273.6,273.71,272.75,273.15,31.57822057000007
Mon Jul 06 2015 16:20:00 GMT-0400 (EDT),273.73,273.84,273.53,273.6,51.92862519000001
Mon Jul 06 2015 16:15:00 GMT-0400 (EDT),273.62,273.79,273.5,273.74,11.362197999999996
Mon Jul 06 2015 16:10:00 GMT-0400 (EDT),273.95,274,273.68,273.71,56.40559799999995
Mon Jul 06 2015 16:05:00 GMT-0400 (EDT),273.87,274,273.83,273.93,18.51110000000001
Mon Jul 06 2015 16:00:00 GMT-0400 (EDT),275.28,275.31,273.3,273.87,38.26830696000002
Mon Jul 06 2015 15:55:00 GMT-0400 (EDT),275.62,275.62,275.28,275.28,21.629675740000017
Mon Jul 06 2015 15:50:00 GMT-0400 (EDT),275.51,276,275.51,276,37.49529999999999
Mon Jul 06 2015 15:45:00 GMT-0400 (EDT),275.82,276.49,275.42,275.56,64.35619999999989
Mon Jul 06 2015 15:40:00 GMT-0400 (EDT),275.71,276,275.68,275.77,62.04199999999992
Mon Jul 06 2015 15:35:00 GMT-0400 (EDT),275.94,275.95,275.67,275.75,17.6453
Mon Jul 06 2015 15:30:00 GMT-0400 (EDT),275.8,275.97,275.39,275.95,63.48479999999997
Mon Jul 06 2015 15:25:00 GMT-0400 (EDT),275.49,275.97,275.49,275.5,45.796620440000005
Mon Jul 06 2015 15:20:00 GMT-0400 (EDT),275.26,275.5,275,275.27,68.38498084999999
Mon Jul 06 2015 15:15:00 GMT-0400 (EDT),275.22,275.36,274.72,275.14,41.39229999999997
Mon Jul 06 2015 15:10:00 GMT-0400 (EDT),275.22,275.39,275.19,275.19,30.671320570000002
Mon Jul 06 2015 15:05:00 GMT-0400 (EDT),275.49,275.5,275.09,275.09,39.38959999999998
Mon Jul 06 2015 15:00:00 GMT-0400 (EDT),275.49,275.5,275.48,275.49,34.38886230999999
Mon Jul 06 2015 14:55:00 GMT-0400 (EDT),274.14,275.5,274.14,275.5,109.61462477000012
Mon Jul 06 2015 14:50:00 GMT-0400 (EDT),273.7,274.14,273.68,274.13,25.078366350000003
Mon Jul 06 2015 14:45:00 GMT-0400 (EDT),273.34,273.73,273.1,273.71,25.3878
Mon Jul 06 2015 14:40:00 GMT-0400 (EDT),272.95,273.36,272.95,273.34,27.910719850000003
Mon Jul 06 2015 14:35:00 GMT-0400 (EDT),274.26,274.38,272.23,272.93,116.40690000000012
Mon Jul 06 2015 14:30:00 GMT-0400 (EDT),273.4,274.38,273.19,274.38,11.36168692
Mon Jul 06 2015 14:25:00 GMT-0400 (EDT),273.28,274.39,272.56,274.35,61.77766275999993
Mon Jul 06 2015 14:20:00 GMT-0400 (EDT),273.8,274.35,272.81,274.35,23.065886850000005
Mon Jul 06 2015 14:15:00 GMT-0400 (EDT),273.77,274.48,272.81,273.82,38.77820000000002
Mon Jul 06 2015 14:10:00 GMT-0400 (EDT),272.92,274.5,272.81,273.76,23.44020000000001
Mon Jul 06 2015 14:05:00 GMT-0400 (EDT),273.77,274.65,272.7,274.65,45.590699999999984
Mon Jul 06 2015 14:00:00 GMT-0400 (EDT),274.45,274.5,273.76,273.76,52.98740000000001
Mon Jul 06 2015 13:55:00 GMT-0400 (EDT),273.65,274.99,273.57,273.78,48.770100000000006
Mon Jul 06 2015 13:50:00 GMT-0400 (EDT),274.01,275,273.5,274.8,37.598200000000006
Mon Jul 06 2015 13:45:00 GMT-0400 (EDT),274.86,275.34,273.6,274.13,53.96859999999997
Mon Jul 06 2015 13:40:00 GMT-0400 (EDT),273.52,275,273.51,274.08,18.48040000000001
Mon Jul 06 2015 13:35:00 GMT-0400 (EDT),273.5,275,273.49,273.49,275.89309999999966
Mon Jul 06 2015 13:30:00 GMT-0400 (EDT),273.36,273.5,272.85,273.5,68.74559999999994
Mon Jul 06 2015 13:25:00 GMT-0400 (EDT),272.41,273.35,272.41,273.35,21.908199999999997
Mon Jul 06 2015 13:20:00 GMT-0400 (EDT),272.39,272.79,271.99,272.45,58.44228317
Mon Jul 06 2015 13:15:00 GMT-0400 (EDT),272.39,272.79,272.35,272.39,64.38409999999996
Mon Jul 06 2015 13:10:00 GMT-0400 (EDT),273.47,273.73,272.39,272.39,36.93000000000002
Mon Jul 06 2015 13:05:00 GMT-0400 (EDT),273.61,273.62,273.45,273.46,18.02768
Mon Jul 06 2015 13:00:00 GMT-0400 (EDT),273.69,274,272.99,273.49,102.45522312000001
Mon Jul 06 2015 12:55:00 GMT-0400 (EDT),273.84,273.92,273.66,273.82,25.469099999999997
Mon Jul 06 2015 12:50:00 GMT-0400 (EDT),272.98,274.51,272.98,274.19,100.35400000000004
Mon Jul 06 2015 12:45:00 GMT-0400 (EDT),272.48,273,272.26,272.93,44.62051433000003
Mon Jul 06 2015 12:40:00 GMT-0400 (EDT),272.22,273.5,272.06,272.4,97.19590000000007
Mon Jul 06 2015 12:35:00 GMT-0400 (EDT),271.9,272.24,271.72,272.24,58.93669999999998
Mon Jul 06 2015 12:30:00 GMT-0400 (EDT),274.06,274.06,271.5,271.87,54.69006483999998
Mon Jul 06 2015 12:25:00 GMT-0400 (EDT),272.61,273.9,272.57,273.9,12.027883969999998
Mon Jul 06 2015 12:20:00 GMT-0400 (EDT),273.37,273.42,272.07,272.6,172.9036020099999
Mon Jul 06 2015 12:15:00 GMT-0400 (EDT),276.87,277.14,273.38,273.38,116.06977779000027
Mon Jul 06 2015 12:10:00 GMT-0400 (EDT),277,277.19,276.7,276.98,55.81460232999996
Mon Jul 06 2015 12:05:00 GMT-0400 (EDT),277,277,276.99,276.99,50.58362399999999
Mon Jul 06 2015 12:00:00 GMT-0400 (EDT),276.96,277,276.74,276.99,103.19509223999995
Mon Jul 06 2015 11:55:00 GMT-0400 (EDT),276.99,276.99,276.95,276.96,24.37967
Mon Jul 06 2015 11:50:00 GMT-0400 (EDT),276.99,277,276.98,276.99,14.332559419999999
Mon Jul 06 2015 11:45:00 GMT-0400 (EDT),276.25,277,276.24,276.99,77.10717914999991
Mon Jul 06 2015 11:40:00 GMT-0400 (EDT),275,276.25,275,276.25,199.13327134999992
Mon Jul 06 2015 11:35:00 GMT-0400 (EDT),274.99,275,274.99,274.99,42.50259181
Mon Jul 06 2015 11:30:00 GMT-0400 (EDT),274.99,275,274.87,275,16.0296
Mon Jul 06 2015 11:25:00 GMT-0400 (EDT),274.47,275,274.31,275,103.58200000000012
Mon Jul 06 2015 11:20:00 GMT-0400 (EDT),273.72,274.79,273.7,274.79,100.83240000000004
Mon Jul 06 2015 11:15:00 GMT-0400 (EDT),274.44,274.44,273.71,273.97,27.40220000000003
Mon Jul 06 2015 11:10:00 GMT-0400 (EDT),275.23,275.32,274.01,274.1,84.18430000000005
Mon Jul 06 2015 11:05:00 GMT-0400 (EDT),275.59,275.72,275.14,275.23,34.68667000000002
Mon Jul 06 2015 11:00:00 GMT-0400 (EDT),275.51,275.91,275.12,275.5,23.763157010000004
Mon Jul 06 2015 10:55:00 GMT-0400 (EDT),275.81,276.18,275.5,275.5,49.67919999999995
Mon Jul 06 2015 10:50:00 GMT-0400 (EDT),275.78,276,275.67,275.8,17.890616770000012
Mon Jul 06 2015 10:45:00 GMT-0400 (EDT),275.5,276.08,275.23,275.99,130.16950000000003
Mon Jul 06 2015 10:40:00 GMT-0400 (EDT),276.12,276.12,275.49,275.5,50.00488038000001
Mon Jul 06 2015 10:35:00 GMT-0400 (EDT),276.51,276.51,275.78,276.12,60.7915
Mon Jul 06 2015 10:30:00 GMT-0400 (EDT),276.5,277.16,276.44,276.57,56.006480000000025
Mon Jul 06 2015 10:25:00 GMT-0400 (EDT),275.87,276.5,275.78,276.5,82.28638000000001
Mon Jul 06 2015 10:20:00 GMT-0400 (EDT),276.03,276.44,275.78,275.88,59.53849999999996
Mon Jul 06 2015 10:15:00 GMT-0400 (EDT),275.87,276.22,275.87,275.9,47.61180000000005
Mon Jul 06 2015 10:10:00 GMT-0400 (EDT),275.67,275.88,275.66,275.88,20.943243999999996
Mon Jul 06 2015 10:05:00 GMT-0400 (EDT),274.99,275.68,274.99,275.61,24.67700000000005
Mon Jul 06 2015 10:00:00 GMT-0400 (EDT),274.99,275,274.95,275,18.3636
Mon Jul 06 2015 09:55:00 GMT-0400 (EDT),274.56,275,274.52,275,13.976799999999999
Mon Jul 06 2015 09:50:00 GMT-0400 (EDT),274.56,274.76,273.98,274.76,51.54360000000002
Mon Jul 06 2015 09:45:00 GMT-0400 (EDT),275.55,275.79,274.22,274.22,25.6491
Mon Jul 06 2015 09:40:00 GMT-0400 (EDT),275.58,275.82,275.52,275.54,8.838425589999996
Mon Jul 06 2015 09:35:00 GMT-0400 (EDT),275.83,275.88,275.58,275.59,28.952571030000037
Mon Jul 06 2015 09:30:00 GMT-0400 (EDT),275.87,275.88,275.77,275.86,21.312899999999996
Mon Jul 06 2015 09:25:00 GMT-0400 (EDT),275.71,275.88,275.58,275.88,20.246299999999994
Mon Jul 06 2015 09:20:00 GMT-0400 (EDT),277.2,277.2,275.69,275.75,54.58513486999993
Mon Jul 06 2015 09:15:00 GMT-0400 (EDT),277,277.88,276.92,277.02,62.35039999999992
Mon Jul 06 2015 09:10:00 GMT-0400 (EDT),276.21,277,275.51,277,135.62167584999992
Mon Jul 06 2015 09:05:00 GMT-0400 (EDT),275,276.47,274.97,276.09,32.72964542000001
Mon Jul 06 2015 09:00:00 GMT-0400 (EDT),274.73,275,274.73,275,38.296899999999994
Mon Jul 06 2015 08:55:00 GMT-0400 (EDT),274.71,274.87,274.62,274.76,12.550499999999992
Mon Jul 06 2015 08:50:00 GMT-0400 (EDT),274.71,274.71,274.56,274.71,11.385900000000001
Mon Jul 06 2015 08:45:00 GMT-0400 (EDT),274.87,274.87,274.7,274.71,25.195649970000016
Mon Jul 06 2015 08:40:00 GMT-0400 (EDT),274.71,274.9,274.38,274.89,78.71927977999998
Mon Jul 06 2015 08:35:00 GMT-0400 (EDT),273.89,274.83,273.89,274.66,15.935299999999996
Mon Jul 06 2015 08:30:00 GMT-0400 (EDT),274.31,274.31,273.74,273.89,16.3221
Mon Jul 06 2015 08:25:00 GMT-0400 (EDT),273.57,274.39,273.56,274.33,18.807999999999996
Mon Jul 06 2015 08:20:00 GMT-0400 (EDT),273.96,274.07,273.51,273.51,57.003899999999994
Mon Jul 06 2015 08:15:00 GMT-0400 (EDT),274.02,274.02,273.8,273.97,22.887556630000002
Mon Jul 06 2015 08:10:00 GMT-0400 (EDT),274.24,274.25,273.73,273.73,30.503000000000007
Mon Jul 06 2015 08:05:00 GMT-0400 (EDT),274.54,274.55,273.83,274.24,26.97027866000002
Mon Jul 06 2015 08:00:00 GMT-0400 (EDT),274.17,274.89,273.83,274.55,62.95749999999999
Mon Jul 06 2015 07:55:00 GMT-0400 (EDT),272.99,274.36,272.94,274.26,68.25779999999997
Mon Jul 06 2015 07:50:00 GMT-0400 (EDT),273.01,273.26,272.97,272.99,34.324642680000004
Mon Jul 06 2015 07:45:00 GMT-0400 (EDT),272.79,273.13,272.67,273.06,35.65309603999999
Mon Jul 06 2015 07:40:00 GMT-0400 (EDT),272,272.9,272,272.8,13.94614950999999
Mon Jul 06 2015 07:35:00 GMT-0400 (EDT),271.71,272,271.64,272,8.716701599999997
Mon Jul 06 2015 07:30:00 GMT-0400 (EDT),271.62,271.77,271.56,271.73,5.2252
Mon Jul 06 2015 07:25:00 GMT-0400 (EDT),271.54,271.99,271.51,271.66,24.152800000000013
Mon Jul 06 2015 07:20:00 GMT-0400 (EDT),271.33,271.55,271.31,271.55,20.423700000000018
Mon Jul 06 2015 07:15:00 GMT-0400 (EDT),271.24,271.41,271,271.41,7.6831
Mon Jul 06 2015 07:10:00 GMT-0400 (EDT),270.88,271.32,270.88,271.26,10.929399999999994
Mon Jul 06 2015 07:05:00 GMT-0400 (EDT),270.64,270.89,270.64,270.89,7.199799999999999
Mon Jul 06 2015 07:00:00 GMT-0400 (EDT),270.78,270.79,270.61,270.77,3.5419
Mon Jul 06 2015 06:55:00 GMT-0400 (EDT),270.66,270.82,270.58,270.79,14.340299999999992
Mon Jul 06 2015 06:50:00 GMT-0400 (EDT),271.04,271.04,270.56,270.56,2.9683000000000006
Mon Jul 06 2015 06:45:00 GMT-0400 (EDT),271.82,271.83,270.91,270.91,47.34168692999996
Mon Jul 06 2015 06:40:00 GMT-0400 (EDT),271.93,272.04,271.84,271.84,3.2428
Mon Jul 06 2015 06:35:00 GMT-0400 (EDT),271.57,271.93,271.57,271.93,9.036599999999995
Mon Jul 06 2015 06:30:00 GMT-0400 (EDT),271.44,271.58,271.44,271.57,2.1601
Mon Jul 06 2015 06:25:00 GMT-0400 (EDT),271.54,271.54,271.34,271.43,10.078419999999998
Mon Jul 06 2015 06:20:00 GMT-0400 (EDT),271.5,271.5,271.5,271.5,0.2313
Mon Jul 06 2015 06:15:00 GMT-0400 (EDT),271.84,271.84,271.5,271.5,5.849499999999997
Mon Jul 06 2015 06:10:00 GMT-0400 (EDT),271.84,271.84,271.84,271.84,3.29909
Mon Jul 06 2015 06:05:00 GMT-0400 (EDT),271.83,271.88,271.83,271.88,4.695
Mon Jul 06 2015 06:00:00 GMT-0400 (EDT),272.25,272.33,271.83,271.83,13.163199999999996
Mon Jul 06 2015 05:55:00 GMT-0400 (EDT),273.76,273.76,272.27,272.27,29.562729340000008
Mon Jul 06 2015 05:50:00 GMT-0400 (EDT),273.77,273.78,273.76,273.76,1.5105000000000002
Mon Jul 06 2015 05:45:00 GMT-0400 (EDT),273.66,273.91,273.66,273.78,18.382860000000004
Mon Jul 06 2015 05:40:00 GMT-0400 (EDT),273.88,273.91,273.66,273.66,53.34643968999999
Mon Jul 06 2015 05:35:00 GMT-0400 (EDT),273.94,273.94,273.85,273.88,1.3303000000000003
Mon Jul 06 2015 05:30:00 GMT-0400 (EDT),274.18,274.18,273.93,273.93,7.5632701799999955
Mon Jul 06 2015 05:25:00 GMT-0400 (EDT),274.02,274.36,274.02,274.19,5.68394
Mon Jul 06 2015 05:20:00 GMT-0400 (EDT),274.27,274.28,274.02,274.12,11.003559999999998
Mon Jul 06 2015 05:15:00 GMT-0400 (EDT),274.12,274.28,274.12,274.28,2.7122255899999996
Mon Jul 06 2015 05:10:00 GMT-0400 (EDT),273.82,274.13,273.82,274.13,1.9537
Mon Jul 06 2015 05:05:00 GMT-0400 (EDT),273.39,274.18,273.39,273.83,45.232800000000026
Mon Jul 06 2015 05:00:00 GMT-0400 (EDT),273.23,273.39,273.22,273.39,3.888689999999997
Mon Jul 06 2015 04:55:00 GMT-0400 (EDT),273.02,273.31,273.02,273.28,4.495299999999999
Mon Jul 06 2015 04:50:00 GMT-0400 (EDT),272.38,273,272.38,273,3.9395884799999967
Mon Jul 06 2015 04:45:00 GMT-0400 (EDT),272.4,272.4,272.17,272.27,19.549860000000002
Mon Jul 06 2015 04:40:00 GMT-0400 (EDT),272.43,272.45,272.4,272.4,8.2792
Mon Jul 06 2015 04:35:00 GMT-0400 (EDT),272.55,272.55,272.43,272.43,5.024152319999999
Mon Jul 06 2015 04:30:00 GMT-0400 (EDT),273.27,273.28,272.23,272.55,26.39025921000001
Mon Jul 06 2015 04:25:00 GMT-0400 (EDT),273.29,273.29,273.26,273.26,7.628639999999999
Mon Jul 06 2015 04:20:00 GMT-0400 (EDT),273.99,273.99,273.3,273.3,18.527200000000004
Mon Jul 06 2015 04:15:00 GMT-0400 (EDT),274.73,274.73,273.9,273.96,38.041440000000016
Mon Jul 06 2015 04:10:00 GMT-0400 (EDT),273.97,274.9,273.96,274.73,70.43109961000003
Mon Jul 06 2015 04:05:00 GMT-0400 (EDT),272.51,273.97,272.51,273.96,139.49523180999995
Mon Jul 06 2015 04:00:00 GMT-0400 (EDT),272.11,272.51,272.11,272.51,71.89608230000002
Mon Jul 06 2015 03:55:00 GMT-0400 (EDT),271.96,272.11,271.95,272.09,37.2884
Mon Jul 06 2015 03:50:00 GMT-0400 (EDT),271.87,271.98,271.87,271.96,4.438
Mon Jul 06 2015 03:45:00 GMT-0400 (EDT),271.89,271.89,271.87,271.87,31.746190000000002
Mon Jul 06 2015 03:40:00 GMT-0400 (EDT),271.5,271.89,271.5,271.88,35.24689596999999
Mon Jul 06 2015 03:35:00 GMT-0400 (EDT),271.43,271.5,271.4,271.5,15.307800000000004
Mon Jul 06 2015 03:30:00 GMT-0400 (EDT),271.1,271.44,270.95,271.43,38.05110000000005
Mon Jul 06 2015 03:25:00 GMT-0400 (EDT),270.97,271.18,270.85,271.14,36.17927012999998
Mon Jul 06 2015 03:20:00 GMT-0400 (EDT),270.92,271.17,270.82,271,32.08890000000001
Mon Jul 06 2015 03:15:00 GMT-0400 (EDT),270.6,270.92,270.59,270.85,15.706399999999997
Mon Jul 06 2015 03:10:00 GMT-0400 (EDT),270.56,270.61,270.56,270.61,19.021999999999995
Mon Jul 06 2015 03:05:00 GMT-0400 (EDT),270.58,270.59,270.26,270.44,4.0504999999999995
Mon Jul 06 2015 03:00:00 GMT-0400 (EDT),269.86,270.58,269.86,270.58,4.9695
Mon Jul 06 2015 02:55:00 GMT-0400 (EDT),269.85,269.86,269.85,269.86,3.9528334499999995
Mon Jul 06 2015 02:50:00 GMT-0400 (EDT),269.85,269.86,269.85,269.85,2.4001
Mon Jul 06 2015 02:45:00 GMT-0400 (EDT),269.97,270.03,269.74,269.93,9.3898
Mon Jul 06 2015 02:40:00 GMT-0400 (EDT),269.97,269.98,269.93,269.97,7.029699999999999
Mon Jul 06 2015 02:35:00 GMT-0400 (EDT),270.12,270.6,269.93,269.94,26.05370000000001
Mon Jul 06 2015 02:30:00 GMT-0400 (EDT),269.96,270.16,269.91,269.91,9.5818
Mon Jul 06 2015 02:25:00 GMT-0400 (EDT),269.8,270.07,269.8,269.95,3.4944
Mon Jul 06 2015 02:20:00 GMT-0400 (EDT),269.84,270.38,269.52,269.89,55.048899999999996
Mon Jul 06 2015 02:15:00 GMT-0400 (EDT),269.71,270.3,269.69,269.78,13.891000000000002
Mon Jul 06 2015 02:10:00 GMT-0400 (EDT),270.12,270.31,269.61,269.91,14.366308020000002
Mon Jul 06 2015 02:05:00 GMT-0400 (EDT),269.43,270.3,269.16,270.12,21.543999999999993
Mon Jul 06 2015 02:00:00 GMT-0400 (EDT),270.29,270.29,268.8,269.53,53.632311659999985
Mon Jul 06 2015 01:55:00 GMT-0400 (EDT),270.31,270.31,269.61,270.3,5.651717700000001
Mon Jul 06 2015 01:50:00 GMT-0400 (EDT),270.77,270.94,270.32,270.32,19.038872
Mon Jul 06 2015 01:45:00 GMT-0400 (EDT),270.78,271.34,270.39,270.77,37.15297
Mon Jul 06 2015 01:40:00 GMT-0400 (EDT),270.4,271.33,270.4,270.68,19.883754350000007
Mon Jul 06 2015 01:35:00 GMT-0400 (EDT),270.06,270.4,270.06,270.4,1.8767000000000003
Mon Jul 06 2015 01:30:00 GMT-0400 (EDT),270.31,270.36,269.85,270.05,8.4391
Mon Jul 06 2015 01:25:00 GMT-0400 (EDT),269.54,270.36,269.54,270.36,75.16210000000002
Mon Jul 06 2015 01:20:00 GMT-0400 (EDT),269.98,269.98,269.01,269.54,79.87669999999999
Mon Jul 06 2015 01:15:00 GMT-0400 (EDT),269.09,270.06,269.09,269.98,31.336499999999994
Mon Jul 06 2015 01:10:00 GMT-0400 (EDT),269.08,269.1,268.92,269.1,9.2061
Mon Jul 06 2015 01:05:00 GMT-0400 (EDT),269.08,269.08,268.81,269.07,9.553199999999999
Mon Jul 06 2015 01:00:00 GMT-0400 (EDT),269.03,269.17,269.03,269.09,10.4193
Mon Jul 06 2015 00:55:00 GMT-0400 (EDT),269.18,269.8,269.01,269.13,47.11860965000002
Mon Jul 06 2015 00:50:00 GMT-0400 (EDT),269.56,269.98,269.17,269.74,58.949849999999984
Mon Jul 06 2015 00:45:00 GMT-0400 (EDT),269.34,269.58,268.8,269.58,21.342399999999994
Mon Jul 06 2015 00:40:00 GMT-0400 (EDT),269.42,269.42,268.87,269.42,26.231099999999998
Mon Jul 06 2015 00:35:00 GMT-0400 (EDT),269.21,269.5,268.9,268.9,6.272999999999998
Mon Jul 06 2015 00:30:00 GMT-0400 (EDT),268.74,269.25,268.59,269.25,15.697399999999996
Mon Jul 06 2015 00:25:00 GMT-0400 (EDT),268.68,268.86,268.57,268.58,4.4582999999999995
Mon Jul 06 2015 00:20:00 GMT-0400 (EDT),268.61,268.85,268.56,268.69,13.476799999999995
Mon Jul 06 2015 00:15:00 GMT-0400 (EDT),268.45,268.61,268.38,268.61,6.955299999999999
Mon Jul 06 2015 00:10:00 GMT-0400 (EDT),268.42,268.45,268.39,268.39,26.418827559999997
Mon Jul 06 2015 00:05:00 GMT-0400 (EDT),268.59,268.59,268.42,268.42,9.418633320000003
Mon Jul 06 2015 00:00:00 GMT-0400 (EDT),268.54,268.6,268.5,268.51,32.10303275000001
Sun Jul 05 2015 23:55:00 GMT-0400 (EDT),268.6,268.6,268.51,268.51,12.821102020000001
Sun Jul 05 2015 23:50:00 GMT-0400 (EDT),268.89,269.08,268.59,268.67,22.1084
Sun Jul 05 2015 23:45:00 GMT-0400 (EDT),268.94,269.82,268.84,268.84,57.12080000000001
Sun Jul 05 2015 23:40:00 GMT-0400 (EDT),268.98,269.11,268.93,269.08,10.746099999999986
Sun Jul 05 2015 23:35:00 GMT-0400 (EDT),268.76,268.97,268.76,268.96,21.176900000000003
Sun Jul 05 2015 23:30:00 GMT-0400 (EDT),269.24,269.42,268.78,268.94,18.35106034
Sun Jul 05 2015 23:25:00 GMT-0400 (EDT),269.23,269.58,268.96,269.57,12.169000000000004
Sun Jul 05 2015 23:20:00 GMT-0400 (EDT),269.38,269.82,268.91,269.32,23.498930230000003
Sun Jul 05 2015 23:15:00 GMT-0400 (EDT),269.58,270,269.2,269.21,52.7696
Sun Jul 05 2015 23:10:00 GMT-0400 (EDT),270,270,269.59,269.99,15.884200000000003
Sun Jul 05 2015 23:05:00 GMT-0400 (EDT),270,270.35,269.59,270.35,34.864599999999996
Sun Jul 05 2015 23:00:00 GMT-0400 (EDT),269.48,270,269.48,270,29.763300000000005
Sun Jul 05 2015 22:55:00 GMT-0400 (EDT),268.92,269.5,268.92,269.49,15.739200000000002
Sun Jul 05 2015 22:50:00 GMT-0400 (EDT),268.88,268.92,268.51,268.91,16.319599999999998
Sun Jul 05 2015 22:45:00 GMT-0400 (EDT),268.77,269,268.53,268.92,16.436099999999996
Sun Jul 05 2015 22:40:00 GMT-0400 (EDT),268.54,268.94,268.51,268.77,68.2063
Sun Jul 05 2015 22:35:00 GMT-0400 (EDT),268.52,268.54,268.51,268.54,12.8722
Sun Jul 05 2015 22:30:00 GMT-0400 (EDT),268.53,268.58,268.51,268.51,30.434499999999996
Sun Jul 05 2015 22:25:00 GMT-0400 (EDT),268.51,268.54,268.51,268.51,10.759400000000001
Sun Jul 05 2015 22:20:00 GMT-0400 (EDT),268.52,268.53,268.51,268.53,25.725499999999997
Sun Jul 05 2015 22:15:00 GMT-0400 (EDT),268.53,268.63,268.51,268.52,10.3066
Sun Jul 05 2015 22:10:00 GMT-0400 (EDT),269.46,269.57,268.51,268.66,34.709499999999984
Sun Jul 05 2015 22:05:00 GMT-0400 (EDT),269.64,269.95,269.44,269.46,16.682999999999996
Sun Jul 05 2015 22:00:00 GMT-0400 (EDT),270.37,270.94,269.61,270.09,108.45432553
Sun Jul 05 2015 21:55:00 GMT-0400 (EDT),270.46,270.86,270.05,270.22,35.10150000000001
Sun Jul 05 2015 21:50:00 GMT-0400 (EDT),268.81,270.46,268.81,270.46,129.58749999999998
Sun Jul 05 2015 21:45:00 GMT-0400 (EDT),268.79,269.02,268.33,268.8,19.045499999999997
Sun Jul 05 2015 21:40:00 GMT-0400 (EDT),268.85,268.98,268.27,268.78,11.416999999999998
Sun Jul 05 2015 21:35:00 GMT-0400 (EDT),269.73,269.74,268.84,268.84,5.6274088399999975
Sun Jul 05 2015 21:30:00 GMT-0400 (EDT),269.82,269.82,269.04,269.74,11.339499999999997
Sun Jul 05 2015 21:25:00 GMT-0400 (EDT),269.26,269.9,269.2,269.9,5.3812999999999995
Sun Jul 05 2015 21:20:00 GMT-0400 (EDT),269.57,269.98,269.12,269.89,13.495892
Sun Jul 05 2015 21:15:00 GMT-0400 (EDT),270.4,270.4,268.72,269.07,30.125006160000012
Sun Jul 05 2015 21:10:00 GMT-0400 (EDT),271.12,271.12,270.42,270.42,28.946419319999993
Sun Jul 05 2015 21:05:00 GMT-0400 (EDT),271.13,271.29,271.11,271.11,29.73704000000001
Sun Jul 05 2015 21:00:00 GMT-0400 (EDT),271.03,271.13,271.01,271.13,21.6825
Sun Jul 05 2015 20:55:00 GMT-0400 (EDT),271.03,271.03,271.02,271.02,12.0658
Sun Jul 05 2015 20:50:00 GMT-0400 (EDT),271.33,271.34,271.01,271.02,13.855285699999998
Sun Jul 05 2015 20:45:00 GMT-0400 (EDT),271.96,271.97,271.01,271.01,38.72736115
Sun Jul 05 2015 20:40:00 GMT-0400 (EDT),272,272.32,271.95,271.97,27.656750940000006
Sun Jul 05 2015 20:35:00 GMT-0400 (EDT),272,272,271.96,272,8.0668
Sun Jul 05 2015 20:30:00 GMT-0400 (EDT),271.2,272,271.2,271.99,12.043399999999995
Sun Jul 05 2015 20:25:00 GMT-0400 (EDT),271.02,271.14,270.58,271.14,63.915000000000006
Sun Jul 05 2015 20:20:00 GMT-0400 (EDT),270.88,271.02,270.44,271,22.280700000000024
Sun Jul 05 2015 20:15:00 GMT-0400 (EDT),270.99,271,270.67,270.86,14.929199999999996
Sun Jul 05 2015 20:10:00 GMT-0400 (EDT),271.04,271.18,270.94,271,52.106300000000005
Sun Jul 05 2015 20:05:00 GMT-0400 (EDT),271.29,271.29,270.88,271.02,33.8504
Sun Jul 05 2015 20:00:00 GMT-0400 (EDT),272.17,272.18,271,271.29,85.83857500000002
